episode_number,title
151,教室で指されたくない人へ!指名扇ナリ
152,箱根山でドッキリ!江戸時代の山賊たち
153,回れ仲直り鶴!ブタゴリラパンツの怒り
154,ゲロゲロ!小便小僧になったブタゴリラ
155,なぞの物体!ピアノの中のヘタウマドリ
156,ブタゴリラもウルウル!黒板の中のママ
157,雪だるまがくれたクリスマスプレゼント
158,珍発明!?だまってはさめば宿題スラスラ
159,コロ助仰天!やじろ帽でニチコメ友好!?
160,開けてびっくり!机の中の遅れたお年玉
161,春の珍事!時刻表を書いたブタゴリラ
162,ブタゴリラでもスターになれる!丸案鬼…
163,一家ランラン!?ブタゴリラファミリー
164,文明の危機!教室からラーメン一丁
165,カチカチ!ブタゴリラの火の用心クラブ
166,すれちがいメロドラマ!愛の上越新幹線
167,アットホーム!?一家そろって記念写真
168,ゾーッ!!江戸時代から来た大きな迷子
169,うそみたい!テレビにドアがついていた
170,世紀の名犬!のら犬ベンからの贈り物
171,キリンにメガネ!?ハシゴローものがたり
172,海底SOS!龍宮の使いと金歯のサメ
173,お茶の間の太陽!ボンボン時計と踏み台
174,鳥心器でドッキリ!鳩のハートに大接近
175,㊙特訓!トンガリはロッキーになれるか
176,仙鏡水で発見!東京でいちばん奇妙な雲
177,転校御免!みよちゃんサンキンホータイ
178,トンガリドッキリ!ブランデーと錯覚糖
179,コロ助の時代!コロッケ5円でバス10円
180,田植えツアー!ブタコレラ&トンガラシ
181,ベンも仰天!痛いのとんでけ〜鎮痛香
182,超ふしぎ!?タナバタ竹の子ノーベル賞
183,大どろぼう登場!その名は注射ジョー
184,迷い人に贈る!メウツリコーナリ
185,日本初のUターンかぶと虫!クロ丸ナリ
186,ユーレーも真っ青!ブタゴリラの通知表
187,語るも涙!ブタゴリラ一家の悲惨な休暇
188,ナイターも真っ青!一時だけの大人体験
189,実りの秋!田んぼのアイドル田吾作ナリ
190,ブタゴリラもポ〜!かあちゃん初恋時代
191,勉三さんの家に出現!幻のバス停ナリ
192,乗れば休日!のらくらはドッジの味方
193,八百八の家宝!オンボロ自転車百年号
194,秋サンサン!隅田川から愛をこめて
195,秋の大運動会!りんりん丸で勝負あった
196,ついに発見!遠足名物リュックがなる木
197,思い出探険!15年前に恐竜がいた!?
198,おーっと!コロ助がタマゴをうんだナリ
199,ハワイが消えた!犯人はブタゴリラ!?
200,トンガリ激白!!学校がママよりも好き
201,レトロー!父ちゃんの思い出オート三輪
202,日本一の福袋逐に出ました100万円
203,雪のプレゼント透明人間でログハウス
204,モデルはどっち!?コロ助対ブタゴリラ
205,ネコの集会!夜中に消えたパパとママ
206,ついに復活!?室町時代の超豪華結婚式
207,大スクープ!?八百八のストーブリーグ
208,愛のプレゼント!マゴにもセーター?
209,デザートは胃薬?みよちゃんクッキング
210,ピュ〜ッ!北国から来た北風ばあちゃん
211,指名手配!恋の落書きボンネットバス
212,八百八の名馬!クマハチダイオーナリ
213,春の正夢!?マイゾーキンとハンバーグ
214,ブタゴリラも真っ青!五月は花の転校生
215,勉三さん変身!涙で食べる最後の晩さん
216,八百八ピンチ!テケテケテンで自己紹介
217,定年記念物!?しあわせの黄色いウサギ
218,八百八のCM!アドバルーンで大売出し
219,恐怖体験!ワープロからお化けが出た〜
220,御用だ!八百八に江戸時代のドロボーが
221,野菜か相撲か!?ブタゴリラの血統書
222,焼き方はミデアム?世紀の貴婦人登場!
223,ブタゴリラショック!母ちゃん面会謝絶
224,夏休み先取り!!家出トリオの城下町
225,海水浴の㊙ポイント!江戸時代の百丈島
226,学校怪談!!パートの幽霊は昼間出る?
227,近所のフン!?イチゴ平野でひとり旅!
228,夏のスクープ!勉三さんに赤ちゃんが?
229,そんなバカな!!72歳のイジメッ子?
230,犯人は誰だ!!ブタゴリラ0点漂流記
231,SOS!秋の大江戸セップクツアー!?
232,今年こそなるナリ!!運動会の星!?
233,ブタゴリラ探偵団!餌はトラック一台分
234,オディション?お役者仮面で大スター!
235,トンガリ改造!ママ〜なんて言わない!
236,おでん異変!チャック付きのガンモドキ
237,ティーセイ教育委員会!学問のスルメ
238,忘れ競争!ミョウガVS逆境タイマツ
239,怒り爆発!ブタゴリラ酸っぱい戦争
240,クマダも参加?車と列車のスキー旅行!
241,トンガリ奮闘記!汗と涙のデート作戦!
242,ブタゴリラの総決算!お騒がせ大全集!
243,5年1組熊田薫!今年の抱負は良い豆腐
244,歴史を守れ!牛若五月と弁慶の泣き所!
245,雪山参加!?ブタゴリラ救助隊出動!!
246,節分グッズ!だまって飲めば鬼になる!
247,コロ助の妹登場?八百八のおちゃっぴい
248,ブタゴリラ恐怖!!FAXされたテスト
249,24回払い?戦国時代のコンテスト!!
250,レンズ騒動!秘密のコロッケは涙入り?
251,ブタゴリラ真っ青!野菜が肉に負けた!
252,ボクがいない!!三十年後の同窓会!?
253,女子プロ真っ青!八百八のお手伝いさん
254,保存版!日本全国つぶれそうな店特集?
255,みよちゃんのBF(ボーイフレンド)!?ライオンがノック
256,コロ助降参!!オネショのつくり方!?
257,熊田グー!!八百八一家の夢の別荘!?
258,出場禁止!?運動オンチは誰の遺伝!!
259,24時間営業!八百八の朝まで生野菜!
260,コロ助のペット!ひらがなかおる!?
261,コロ助の逆襲!八百八侍を成敗するナリ
262,海のメロン!?ブタゴリラ涙の航海記!
263,めざせ北海道!西から来た赤いモグラ?
264,日米友好!コブタ対トウモロコシ!?
265,ブタゴリラ絶叫!夏休み地獄の大脱走!
266,泳ぐ宝石?びっくりザイバツの若さま!
267,夏休み偉人伝!銅像になったブタゴリラ
268,夏の名作!ブタゴリラの竹の子くらべ?
269,北の国から贈り物!五月と花子初共演!
270,衝撃告白!勉三さんはツンツルテン!?
271,新事実!タイタニック号の名犬バロン!
272,サスペンス!アメリカ土産は恐怖が一杯
273,消えたブタゴリラ!イモより怖い神隠し
274,とんだアップル?みよちゃんの初恋物語
275,謎のスイカ爆弾!伝説のボウラー熊八?
276,ついに発見!マツタケいっぱい石器時代
277,ギネス珍記録!?一日だけのクラス委員
278,人気爆発!お面になったコロ助ナリ
279,ゲーツ祭参加?愛の星降るすずらん峠
280,大安吉日!カボチャカボチャの結婚式
281,勉三さん受難!学園祭はケツバット?
282,謎の物体!ノックを返す八百八カボチャ
283,新春冒険!みかん長者の書き初め!?
284,はやまるな!コロ助駆け落ち成人式!?
285,ご近所捜査網!怪盗はトンガリのママ?
286,真冬の怪談?雪女のおんがえし!!
287,国際親善?スカートをはいたブタゴリラ
288,大激怒!カラスと八百八大戦争
289,キテレツ異変!年上美人にモッテモテ?
290,夢は大金持ち!めざせケン玉世界一
291,びっくり京都!あぶない天狗あらわる?
292,時を越えたライバル?モーレツ歯登場!
293,未来で目撃!コロ助、お嫁さんとチュー?
294,妙子遭難!トラに食べられそうなんです
295,心は他人?みよ子が五月で五月がコロ助
296,ベンが初恋?アイドル犬とご対メーン♡
297,㊙ブタゴリラのアロエビックリ大作戦!
298,ジュラシックパニック!虫歯の恐竜発見
299,何かようかい!雨降り小僧ケヤキの祟り
300,禁断の料理?ファラオの呪いで大ピンチ
301,八百八崩壊?コスプレナイター中継!
302,夏休み直前!まだまにあう通信簿対策
303,どーして?ボクたち臨時の八百八屋さん
304,真実をあばけ!夏のみちのくミステリー
305,霊界探検!みんなであの世へ行きました
306,相手はだ〜れ?ペンフレンドくるみちゃん
307,居眠り禁止!スカッと一撃徹夜メーン☆
308,豊年マンサク!山田の中のコロ助カカシ
309,花丸一座で夢芝居?髭丸コロ助大変身!
310,突然の手紙!妙子からFROM USA?
311,百丈島伝説!コロ助は浦島太郎の子孫?
312,家族ゲーム?ママに代わってブロンドママ
313,ブタゴリラ病欠?修学旅行のバスを追え
314,雪男発見!生まれはヒマラヤ日本育ち
315,大当り!宝くじでパンダと3千万円!?
316,女湯でアート?トンガリ画伯大爆発!
317,謎のアルバイト!むさ苦しい人大歓迎?
318,正月が二度も来た!お年玉ももう一度?
319,今世紀見オサメ!?幻のリョコウバト
320,失恋がなんだ!!どん底でドンと恋
321,春いちばん!先生が飛ばされそうナリ
322,たたり?ひな人形がコロ助を襲う!
323,トンガリ失踪!恋に破れてサメのエサ?
324,人生一度の晴れ舞台?熊田薫、送辞を読む
325,ブタゴリラ学説!蜃気楼は貝から出る?
326,子供の天国!遊び場いっぱいの町
327,スクープ!名犬ベン日本で一番有名な犬
328,神出鬼没のいたずらっ子正体はコロ助?
329,五月の恐怖!のろわれた鯉のぼり
330,男のメロン?父ちゃん一番乗り病!
331,愛のフィナーレ!さよならコロ助大百科
